age,gender,total_income,utilities,entertainment,school_fees,shopping,healthcare
44,male,45000,1500.0,2500.0,1155.0,2365.0,650.0
65,female,137393,2946,4978,7034,9051,11184
58,male,181300,3865,4829,6731,5411,4104
45,male,136089,1122,5590,3305,8695,5294
25,female,172080,2059,4887,4272,7449,5319
33,female,120513,2523,2262,4862,14001,5998
59,male,128031,1521,3430,3265,6336,5971
41,male,205618,3012,2105,4950,10098,1083
22,female,151816,2872,1835,2535,2706,3359
31,female,116785,2274,2314,5744,14555,814
43,male,223691,1660,3313,5831,8314,5651
31,female,228520,4410,5406,8462,7598,7916
21,male,100434,1123,5715,4389,7741,6119
51,male,213252,2355,3506,8093,10194,7948
20,male,112603,2029,4186,4221,5565,2339
57,female,163566,4121,6579,4090,9283,8650
24,male,101651,2552,3348,5714,2329,3195
70,female,168767,4086,4942,6118,9295,9071
43,female,166438,1900,2258,8337,2252,6756
23,female,152149,2064,4101,6984,8971,9737
63,male,200244,4298,5349,3977,8822,7112
48,male,216491,3037,4603,2809,10954,1633
59,male,162837,4536,6001,2683,3842,976
34,female,200555,2341,1981,3806,6551,3043
70,female,209124,951,1730,2205,7171,1342
69,male,128627,2479,5102,4995,2435,11244
37,female,150639,3379,6502,3785,14204,2772
18,male,202544,2948,2394,7837,8453,11929
20,female,191722,1393,5666,4042,6115,10650
22,male,203600,3141,6174,6413,2538,2771
37,male,211974,1571,3017,5455,4923,9783
56,male,215141,2230,6463,4426,12839,4012
44,female,236272,3609,4325,3947,5321,9989
65,male,209576,2343,5106,4923,13488,11351
62,male,210633,4301,3066,6124,8110,4972
56,female,140733,4047,2492,7830,8855,7730
65,male,224362,1836,4214,6644,12088,8418
60,male,110112,2651,2571,2621,13649,4276
37,female,247337,3686,5945,7949,12257,881
26,female,126410,4033,4816,4038,4619,5903
61,female,102968,1035,3549,3464,14184,11110
65,female,105589,1425,3959,6825,14522,6450
41,female,211060,1073,2883,3468,1707,11999
39,male,183359,2486,3036,4918,10754,2525
66,male,103554,4756,2031,8192,13424,8510
39,male,201961,4145,2661,2609,10561,2047
28,female,155119,3019,2964,5827,5917,2358
66,female,239722,2771,6761,2056,5996,5747
52,female,249278,4806,6625,2067,6361,2707
18,female,230792,2152,3692,2791,9479,611
37,male,107446,3117,5406,3482,6431,2367
20,female,162629,1269,3112,4441,7892,992
45,female,139847,3035,5917,3675,8548,696
34,male,168444,2854,5589,3932,6769,2377
54,female,209294,1741,5099,8456,5679,1002
61,female,177986,3284,3184,4783,4426,8040
24,female,168273,1763,3416,2966,11676,819
45,female,195998,4803,5921,5985,3892,6993
65,male,104671,2047,4365,5352,12674,3125
42,female,133860,4622,5428,4404,3468,1969
29,female,236428,2257,6028,4496,3631,5973
20,female,224905,2514,4695,8498,7750,8092
30,male,191233,1562,4938,8183,4856,8297
34,female,213311,4700,2319,7279,8955,1078
52,female,212889,1736,4318,3167,1424,11691
52,female,197966,4270,2642,5936,8605,9664
28,male,236936,1018,6209,8213,6774,10822
40,male,214375,4961,4355,6983,14802,5707
49,male,243694,4440,6632,4993,2105,6962
25,male,200766,3624,5267,4626,12180,10721
45,male,240278,4210,3114,5484,6122,10326
60,female,202328,4580,6153,6972,760,8279
28,male,241914,4027,6084,6428,9512,8615
42,female,142713,3215,4120,6968,13872,7118
23,female,140979,4337,3699,5980,3569,1329
38,male,238011,2132,6196,3273,6870,8371
23,female,132103,3860,1602,7752,3240,2480
55,male,112325,1025,2908,2922,10411,1309
26,male,231949,2709,2264,6262,6642,1570
43,female,143237,2829,3201,5562,7344,6759
64,female,121210,2079,2921,5045,12316,10078
43,female,207612,3128,5434,7079,7400,9842
53,female,204523,952,2688,2727,9692,5763
43,male,166981,4696,2189,4340,5325,8080
38,female,247174,3380,6031,2444,1632,11835
18,male,109363,1852,4126,3762,1258,8576
31,male,146304,2446,4179,3495,13254,5547
23,female,105463,4837,3700,7722,11280,7586
58,male,160013,2031,3672,5091,3349,5881
59,female,184100,3287,2596,2989,11946,9086
50,female,163320,3499,4945,7590,7566,2024
22,female,204745,4865,5544,2505,5300,4027
61,female,218185,3268,4792,2465,3126,5130
45,female,163282,2098,6684,3283,11885,7922
68,male,132560,4059,1710,7672,6383,4895
48,male,179216,3100,4850,4840,5330,9749
51,female,127943,1763,1659,3632,13254,8706
36,female,153604,984,4152,4917,3139,3424
43,male,138188,2520,6447,5786,2128,4931
52,female,233311,4861,4893,6036,3435,11593
27,female,135821,1511,1980,6603,7179,8570
64,male,115268,4123,5410,4661,5023,2273
45,female,247723,4355,3667,2058,9787,4902
38,male,243508,1157,3959,2105,10171,4597
33,male,172755,4633,2245,5114,12437,4572
39,male,116263,2288,3555,7474,14866,1321
55,male,209648,4980,4155,3318,14547,7516
39,male,118659,2748,6419,2825,929,3336
66,female,199775,3167,5667,5640,7604,11349
66,male,187604,1502,5526,5020,8883,3819
69,female,114662,4494,6652,6542,13608,4675
24,male,142253,2164,3972,3443,8276,5852
34,male,218775,3003,5450,5129,6065,2603
22,male,218185,1187,5313,8174,11342,9907
67,male,132659,4864,3955,4437,2193,2234
29,female,200239,953,4585,4450,10348,4850
28,male,104134,4212,4776,2917,4924,11576
65,male,183400,3558,2282,4269,13619,7111
65,male,223865,2740,3512,2235,9015,4446
47,female,143631,3654,6645,7622,14725,3460
25,female,160175,3218,5198,7843,8328,5326
42,male,223903,1955,4913,5360,9783,6232
33,female,106141,3738,3262,5830,8126,8899
21,female,177274,2465,6058,6881,2429,5659
36,female,218367,3498,6376,5484,3571,5609
40,female,237430,3326,6870,2542,7743,3860
32,female,124462,3522,5087,7296,5002,11303
21,female,146568,3264,3540,6677,6784,7829
26,female,152507,1504,5842,2422,13122,4698
19,female,214051,2848,6535,4615,11860,7146
25,male,208742,1046,2625,6379,12598,11492
25,male,210204,3054,6015,7773,6049,10238
37,female,123454,4606,5137,7347,1000,3241
57,male,107740,1513,4953,6714,12475,10396
43,male,182811,3766,4961,4409,1807,5594
45,female,118543,2780,3987,7806,7760,2654
59,male,232857,4390,6037,3509,13477,600
70,female,248038,3263,2506,5443,6907,2249
38,male,238490,1037,6606,4840,7560,11081
56,male,215829,3430,2272,7109,13509,9521
37,female,194498,1391,6267,4841,7840,3929
30,male,246567,1439,3225,6217,7851,11561
57,male,203702,2703,4042,2877,6846,7153
39,male,111955,3666,1806,3389,10971,7146
43,male,130918,1934,2873,2929,1391,6802
21,male,198987,1269,5620,7215,1544,10889
36,female,169246,2663,2643,5053,3852,6929
24,male,220332,4746,3381,5956,12366,3717
54,male,207791,3428,2133,3760,9641,1349
67,male,166905,2400,6042,5509,14845,4742
30,male,127137,3937,3884,5723,4229,8957
62,male,133954,1717,3095,5721,4143,5463
47,male,170388,4899,5982,2850,1997,2819
57,male,244954,4735,3813,7336,4884,10793
51,female,127003,4911,4233,8043,7741,3494
67,male,235735,4127,5965,5590,8939,2282
66,male,147200,1792,5940,4940,2968,2199
63,female,216465,4655,6860,4249,1812,8243
54,male,201788,3972,3958,4112,8158,2488
19,female,117415,964,5314,5962,6267,5368
61,male,123538,1462,2628,3523,8521,2986
28,male,237271,1969,5780,5222,3638,9462
66,female,143390,2944,2157,4966,2563,4689
42,male,196540,2170,4859,4787,8539,3687
35,female,138337,2647,1755,7890,10361,8327
62,male,183298,1914,6694,3828,7177,884
40,male,169102,4990,5915,6299,9190,5330
31,male,242262,3393,1552,2965,14622,5643
66,male,161939,3698,5170,3773,4695,1287
63,female,126882,2822,6775,7869,2123,6324
20,male,113010,1920,6121,6429,4913,8022
18,female,140227,1140,2369,3531,3686,3815
57,female,218309,3717,5986,3179,9716,6306
41,female,151998,4121,5765,5381,9166,10945
35,female,247494,2681,5368,3834,4891,11784
24,female,210531,1957,1646,3195,9281,3446
68,male,122228,4257,5822,2737,2050,5332
42,male,148000,2619,2695,4146,1922,7018
65,male,214001,4079,3357,6132,1815,9339
65,male,103156,3991,6018,4427,9242,7461
57,female,204436,1883,4353,4214,4504,6105
58,male,150905,3398,5530,2089,4130,11688
35,male,210319,1440,4602,7341,5566,7313
41,female,108536,2374,2388,5428,4849,566
33,female,219661,3037,4492,3542,5340,1876
46,male,138314,4450,2899,2723,11986,1192
27,female,178036,2471,5274,3330,8225,1625
64,female,180212,4406,4505,4619,13221,7753
55,female,240141,2372,5831,7383,14828,3943
41,male,191495,3626,1799,4543,2775,5546
43,female,160737,1980,3033,7263,9710,2302
23,male,159622,4094,3997,5258,12509,1280
70,female,124567,2807,1638,5325,2368,9749
51,male,109231,1199,3770,8392,11141,4572
27,female,206199,3360,2440,3556,3132,4505
22,female,249053,2033,2639,5650,7881,558
45,female,246740,4697,4938,5546,5042,8878
31,female,179289,2784,4789,7570,11124,6060
20,male,104017,1105,5871,2975,4397,8138
59,female,118230,3353,3136,4666,8793,11699
46,female,133021,4066,5932,7262,12445,7720
64,female,199741,3764,6525,8243,10932,413
38,male,182878,3029,2944,8292,1015,434
36,female,203495,2220,6549,8022,5224,4007
22,female,232688,3079,5685,2082,10854,6212
24,male,161481,1226,1952,6790,4848,3973
59,male,202846,3407,2157,4660,11138,4774
40,female,107266,2517,5586,6880,13944,1384
62,female,199901,2852,4926,7730,6505,11093
69,female,201339,2860,3557,3186,6344,2096
32,female,106972,4589,5556,6611,14403,6257
20,female,139406,2741,4963,8106,12683,6187
62,female,138570,2631,6946,7535,11921,3291
41,female,248021,3182,6143,3081,3504,11435
26,female,121867,4470,2416,2478,3747,7743
31,female,235776,2498,6989,3673,5800,2825
40,male,124277,2641,6118,3645,11974,7626
59,male,225412,4590,6455,6429,3132,3660
39,female,184346,2641,4903,4344,12701,6340
49,female,191778,2466,4991,6471,8970,11987
19,female,154997,4978,4927,5883,1266,3362
53,male,195377,4717,5607,4154,11227,4338
43,female,166213,4161,6070,5719,14963,9785
59,female,230080,2539,3970,6481,6239,11265
21,male,112849,4371,4536,7906,11641,9528
22,female,195026,3665,4521,5956,14085,9301
42,male,220236,4631,6448,4606,3465,8372
48,female,236470,1981,3820,4330,9164,9626
53,female,169627,4515,6320,2683,3147,4198
67,female,232574,3898,3181,2189,11930,10734
68,female,212148,1653,6151,4723,13139,11282
28,male,139638,3425,5060,6729,11094,5933
51,male,225989,4757,3624,3560,3060,8581
31,female,153652,1914,4846,6146,8860,10466
25,female,192633,987,6042,8119,2009,10920
42,female,152337,2919,2376,6314,2927,9308
26,male,120496,1214,5655,3109,8148,7035
46,female,159465,3378,3428,2245,7249,2709
41,female,188314,3158,1655,7344,8858,8967
33,female,123273,4641,3080,2631,6832,9044
53,female,156256,2631,6881,2097,12257,10514
26,female,209531,2080,5095,4785,1217,1432
33,female,124387,4535,4321,2799,1498,2727
64,male,234800,4609,3339,8051,6620,7874
66,female,201910,3655,2090,3206,12192,3838
36,male,132790,2892,1922,2264,13037,7024
65,male,246674,4673,4791,4584,13434,10291
44,male,169645,2131,5574,5263,5587,897
68,female,182541,1386,2009,2056,9414,2082
30,female,228393,3987,3642,3161,10208,11021
24,female,175200,3746,5830,3728,5681,10018
46,male,174827,2625,2968,5581,3792,5045
54,female,142947,2102,4792,3509,5707,11089
34,male,216852,1476,6831,8142,14170,2353
20,female,169526,3192,5933,6122,11254,11600
53,female,180062,4696,3220,3427,5563,10615
21,female,167557,4082,3997,3682,10522,1735
42,male,237601,3114,4546,8427,11836,5273
68,male,180568,4711,5507,3961,12119,2082
52,female,236597,3968,5081,8301,12587,2468
49,female,166906,2754,5061,4425,2742,9695
26,female,172422,4078,3334,6880,10983,11222
57,male,193114,4040,3361,4695,14021,6267
21,female,106193,4266,1938,5967,5865,446
53,female,137475,1900,3509,8303,8400,1659
24,female,208954,4764,6183,6766,3357,6555
31,male,196325,1890,6958,7716,7091,2398
46,male,177575,4248,4756,4976,5613,4209
29,male,206369,2417,4195,3798,13412,8173
60,female,109936,4253,5330,8165,13641,1668
56,male,194793,3169,3762,7317,2005,551
36,male,175944,3050,1872,8281,14155,4812
33,male,125896,4420,6029,5232,1575,3015
39,female,149496,1309,5422,3692,8125,1920
50,female,131263,2946,2467,3044,4554,2879
47,female,131873,4796,6979,2391,6362,9919
36,male,189966,3386,1686,4591,10751,4921
44,female,210556,3893,3689,2167,4277,10705
42,female,205782,978,4330,3384,13974,9666
35,male,112740,2532,3695,4793,13870,9701
26,male,138994,1945,5728,6164,5150,7654
38,female,196178,2033,3111,7467,1815,6022
43,male,191635,2953,1671,6272,10848,3420
62,male,107603,1061,2697,6879,5482,8988
35,female,180688,1287,2835,3193,3501,1484
39,female,236538,1357,6011,5649,6485,939
29,female,121324,4431,5324,4313,4780,6960
52,male,246518,4837,2246,4236,3775,10882
35,female,183836,4009,3535,4988,11120,3856
33,female,142784,2759,4039,4917,3703,3182
22,female,235504,1177,1818,3051,13371,3097
37,female,118747,1736,1550,6698,11240,4549
40,female,238968,3301,3961,6928,7244,4966
70,male,131519,4180,3240,2137,2402,2663
43,female,227566,4485,3743,4924,14526,426
58,female,232153,4340,6040,4035,3877,2117
23,male,186494,1702,1627,6677,3669,2142
27,female,164934,4539,3285,6804,2773,5749
35,male,126369,2634,5314,3398,10334,9063
68,female,217361,2534,4402,6740,12502,6696
54,male,193900,3038,5791,6438,6035,8111
55,male,226033,3126,1675,7715,3665,1789
65,female,181211,4594,5299,5574,11335,3901
18,female,146703,4072,1819,4079,7636,7037
68,female,115656,3514,3535,6666,13398,805
19,male,170135,2545,2558,4235,2667,700
28,male,187121,3642,6105,6233,4684,2286
50,male,157205,2763,6793,6940,14677,2016
37,female,109470,1112,1745,8263,7890,912
19,female,151318,3077,5584,4764,1945,11270
63,female,135701,2467,6897,5770,3242,7287
34,female,168698,3194,5431,6509,3648,2941
57,female,163780,4273,4552,7495,9094,1586
42,male,206391,3864,6917,6316,3856,8110
36,male,202520,4466,3140,3957,6449,10699
18,male,224715,1528,5689,7822,5689,8176
59,female,229843,1968,2322,6004,1028,7622
69,female,220158,2622,5761,6314,1159,8696
23,male,204982,2093,3997,4323,6859,10501
46,male,168906,1411,1852,2706,13590,10723
27,male,209117,1179,3209,3540,7348,4330
40,female,149090,4521,3434,6425,13711,8994
19,female,128993,2423,3254,6887,12520,6969
48,female,129969,3043,6674,6208,5699,3319
56,male,161355,4356,2247,7473,12751,9955
28,male,115955,4528,1570,3448,5646,5129
25,female,249094,3724,6035,2235,8441,9845
64,female,245510,4301,5233,6498,8126,7942
58,male,104027,4880,2164,7598,11829,8889
35,male,164149,3928,3202,3577,14493,1107
49,male,210314,1057,4129,2598,10310,9042
26,male,170247,3602,4208,3959,5212,5354
60,male,159315,2577,2099,6490,11099,6706
59,male,228835,1732,3866,7659,13910,7433
47,female,146114,2398,3451,6205,12328,4953
22,female,190201,4432,1979,4876,2972,575
36,female,226681,1202,6368,8291,12391,11960
31,male,185660,4159,3749,8408,8300,11116
69,female,247014,3567,3501,4265,7111,10773
64,female,107559,1807,6120,8267,10605,1897
26,female,228917,2916,2774,5903,9359,8182
39,female,155149,4633,5827,8356,1576,7234
45,male,237838,4504,5296,2573,8334,9750
62,female,172868,3454,2585,2292,13593,9034
40,female,146895,1849,4424,2689,11276,2515
53,female,206226,3040,5101,7211,6825,7360
31,male,225625,3931,4661,5689,12170,8677
65,female,139502,4122,5449,2983,9936,8645
20,female,147714,4841,1607,6425,8185,4940
26,female,117260,3791,3830,2888,12880,7789
24,male,203968,1658,4883,6986,6573,7510
55,female,195269,1892,6990,2594,14979,6174
39,female,187592,2223,3463,4581,1880,9042
41,female,170073,4112,4743,6844,14206,11251
69,female,113512,2518,3109,7210,14502,11596
20,male,110246,2070,2568,7457,7880,5678
59,female,225992,4355,3355,4389,14637,5377
57,male,159100,2997,3882,8417,3116,659
49,male,204851,2435,6153,4200,8654,10777
55,male,155322,4906,6253,7761,9281,2798
33,female,127571,4020,3466,8267,6006,6705
28,male,202837,1542,5956,4617,7437,9809
65,male,206350,2820,2195,7438,5435,4995
34,male,228278,4502,5952,5578,9630,406
26,male,122534,2231,5364,7701,8809,3294
54,male,249600,2649,4157,3491,14312,1750
20,female,127275,3972,4372,3374,5580,10127
51,male,185816,2094,2169,4684,11633,4140
67,female,153596,1930,3187,3579,12111,5773
69,male,119712,4456,1970,2997,3945,2386
64,male,242486,1350,3883,8114,11191,5322
43,female,148191,4247,5309,7665,1399,6647
39,male,228732,3471,6043,6944,4196,2537
55,female,236322,3066,4279,2914,8384,1365
54,female,142769,3792,5623,6721,9704,573
35,male,131540,975,5967,8120,10230,9801
51,male,214723,3420,3246,5838,5622,6954
53,male,172843,3369,5967,2473,11435,1239
22,female,203242,1144,2039,7958,14310,2677
49,female,123539,4171,3474,3202,2941,2463
61,male,238593,3794,1701,6511,14975,6391
49,male,248532,1686,5524,5893,14305,2122
40,male,149345,4322,5045,7774,5540,2035
58,male,220423,2289,4138,6363,2287,6979
19,male,163778,3652,4238,2639,8567,6016
29,female,149538,4638,4582,5411,4110,11441
27,male,185065,3448,3740,7942,4472,641
28,female,117945,2655,5036,5313,4345,10850
57,male,247774,1554,6555,6103,3735,4997
70,female,158803,3621,2325,2924,10125,8240
59,female,200479,3865,3643,7999,13871,8357
28,female,136465,4720,5686,6017,1192,1981
50,female,181782,4325,6381,4434,13645,11400
30,female,229222,1762,4330,7269,13816,8772
38,male,176295,2498,2902,3611,10211,8691
19,male,222560,2888,3627,5047,2391,10388
44,female,152996,1113,6116,5532,1556,8850
43,male,161856,3004,5639,6213,9133,7907
67,female,129849,1491,5481,6982,10714,7323
50,female,175554,4534,2619,6049,10788,1151
55,male,176231,3122,2078,7442,1287,1845
59,male,211078,3552,6602,6933,4175,4402
49,male,103256,2372,6390,7943,14141,1309
31,male,173699,3788,6888,3710,13281,5306
60,female,187736,3229,4908,7441,3900,6388
32,female,196275,4123,2630,6816,6333,8713
62,female,230927,3052,1957,7540,4308,1417
69,male,141823,1364,1802,7875,12957,4606
24,male,156056,2206,4486,5836,6789,9147
61,female,220560,4483,6024,5141,858,3437
19,female,102409,4683,4781,5693,4188,445
31,female,200265,3915,2216,3986,3193,9687
63,female,144785,3728,3576,4078,6639,9101
30,male,151656,4512,4707,3780,4877,10430
70,male,245891,1648,1622,4924,12035,5222
64,female,131492,2723,2144,5541,7979,7331
65,female,188853,4979,6302,6942,3498,5028
50,male,203886,3885,6028,7218,10917,10317
20,female,244176,1951,3500,6651,7068,10149
54,female,203758,3244,1683,2904,14333,5837
29,male,164327,1040,5855,2792,3222,1595
32,male,106972,1132,2831,2769,2904,9449
48,female,179923,4411,6438,6912,4182,6972
37,female,183249,3801,3963,4726,9482,10195
28,female,143421,4594,1884,3535,8802,7376
21,female,246103,1348,5583,7930,9154,1991
43,male,102401,4831,2785,6012,6617,8607
53,male,121760,4474,5117,7976,11781,3288
35,female,213477,2318,4680,2879,7156,5618
38,female,210488,2944,5136,2696,1998,9148
22,male,180241,4097,4541,8381,11188,3760
32,female,173351,4013,6427,7454,8655,2013
50,female,209486,3527,4886,4381,8628,9111
33,male,121581,4718,5817,6117,3697,8809
64,female,249885,2476,6989,3847,4413,1617
68,female,229614,2708,2012,3305,6940,7120
46,male,137734,3286,4084,6872,11489,9199
43,female,187606,957,2041,5117,9067,8187
66,male,219614,952,6302,5888,6476,8165
28,male,154394,3255,4537,5052,10625,2246
40,female,157432,3805,2927,2277,12960,6086
54,female,242346,3026,4402,3027,12484,2289
30,male,244565,4989,1906,7770,2079,9001
69,male,247760,4194,1646,5909,5088,3342
64,male,230032,1791,6564,7252,14560,781
40,male,113650,3234,4817,3999,13348,4372
28,female,143619,4852,4028,7489,14904,8108
45,male,129857,4551,4511,3229,2218,9681
50,male,106785,4974,3247,5737,8566,6764
50,female,178142,1771,2933,5387,6964,9636
58,male,232508,1704,4112,8479,3330,436
29,male,148922,3201,4275,5629,13204,7023
19,female,142646,3841,2104,4682,6195,1070
36,male,171867,1546,2246,8404,2626,5937
36,female,240780,3570,3190,6906,4893,4600
36,male,123058,1385,5048,7568,9577,1812
25,female,241355,1988,2519,5849,7490,1321
49,male,198071,3120,4864,5461,13046,10927
29,female,112747,1483,4005,6937,10257,7180
55,male,106728,4785,5970,8209,5748,722
46,male,161572,3019,6049,7034,13143,7456
61,male,208446,4958,3662,6181,6110,1163
40,male,178650,2304,2344,4247,14303,1936
39,male,217198,3382,1738,2258,1775,3633
61,female,118206,1602,2055,2375,8177,9320
34,male,155997,1927,6668,6674,14331,902
41,female,172429,4967,3143,5731,7708,1506
58,male,100579,4024,6036,5103,3927,4418
62,female,152803,1417,5539,5610,9166,2637
29,female,134677,1250,3277,5511,4200,9049
70,male,193005,1861,4278,2489,11318,9647
31,female,234586,4341,6213,7114,11623,9420
55,female,199490,3682,3673,2638,9099,3091
41,male,143864,4371,6802,7322,7423,1280
58,female,215092,3196,2832,2271,1383,7906
69,female,121468,1350,4042,5874,13862,4566
56,male,162127,1730,6153,2975,7476,10082
62,male,228382,1183,3605,3533,13380,2362
23,female,118107,4221,3524,2922,11991,8680
57,male,125184,4120,5209,2251,8931,9907
30,male,246156,3812,3680,5207,7581,8078
65,female,237430,1196,5861,3138,13124,7804
68,male,243189,4203,6086,6210,5315,4947
46,female,122389,2854,4202,5425,2827,665
65,male,212524,2159,4019,6576,2653,10059
54,male,177780,3863,6206,2124,3843,1156
67,female,211644,3655,4101,7393,3144,1361
63,male,202902,2166,2617,6950,9741,4419
56,female,192744,3612,3276,6744,12466,4626
57,male,203940,1968,4085,4253,10266,1766
60,male,135221,2876,2952,4975,1237,7299
61,male,162692,2428,3893,4086,12299,2836
58,male,148396,4424,1623,5361,13072,1081
24,male,113099,4040,6783,5068,14973,6229
19,male,234930,3835,3512,6291,13231,5677
32,male,231174,3928,1746,4843,12592,3431
44,male,151160,4712,4760,3280,11908,3704
23,male,125293,4226,5905,8374,4411,4514
53,female,109853,4496,4773,5367,11552,6505
30,female,177914,4855,3301,5020,7338,8720
59,female,161178,4782,5443,2334,12657,5893
30,female,233864,3904,5471,8437,9605,1654
43,male,228629,2316,4413,3039,984,635
32,female,183931,2335,5064,2567,9593,4211
42,female,173994,2083,1856,5184,14014,2327
23,male,194606,2453,5019,5705,2049,5225
64,male,208418,4981,2046,6057,2714,2225
40,male,134271,1399,6688,6447,3187,8835
61,female,102948,1364,2854,5400,10040,3985
29,male,113668,2712,6340,5480,9900,11432
56,female,119304,4105,6528,7352,5821,2188
29,female,190178,1867,4209,3635,9320,11246
22,male,196268,3462,5664,8243,11910,5225
45,female,243817,2199,5881,6500,6876,4524
42,female,186559,2389,3737,3832,10670,9889
29,female,199790,1988,3337,5965,5868,4004
35,male,240597,3299,4714,2843,13065,3278
67,male,173950,2873,4517,3636,4093,9068
63,female,187951,1770,5887,3827,4203,8476
48,male,170339,4711,1861,5579,8446,11065
26,female,111746,3056,2117,6019,10726,4177
25,male,219474,1142,5819,4368,5432,8258
59,male,206995,2754,5468,4781,1396,1392
60,female,163342,3340,3882,8364,7418,11187
41,female,115127,3314,6845,4143,9071,2293
34,male,120920,4412,4128,6554,7238,2067
60,female,112492,4353,6151,5755,14371,1094
21,male,230736,1752,4691,6495,12804,10433
47,female,142232,3238,5165,6224,2688,3504
64,female,200445,1380,6239,7326,13265,9348
56,female,156240,2529,3182,5896,10653,7528
48,male,154761,2781,2819,2167,6197,1645
65,female,189073,3814,4354,2053,11332,393
28,female,180569,977,5603,3463,2726,7463
40,male,171280,3413,4155,7902,10250,1407
59,male,240826,3330,3067,6199,9714,4152
24,male,143451,2206,4069,4710,2684,5559
26,female,239865,2521,6069,3046,14125,930
37,female,198568,4425,5253,2674,10914,11639
55,female,222032,2498,6406,4881,12088,6141
45,female,212421,2634,3999,8294,1549,11613
46,female,180114,3917,2741,4335,13102,3995
43,male,101007,4703,2899,2975,2128,647
45,male,142299,3463,5241,3454,14106,5274
42,female,113264,3705,1567,7358,11590,7069
41,female,151243,1613,6378,4357,5929,3675
61,male,161111,4811,2872,8171,12939,6008
59,male,183333,2315,5224,6478,3499,1472
19,female,145133,1795,5524,7110,14896,11562
19,male,158659,2255,4759,4128,14709,7347
23,female,222789,1733,3930,3354,9584,7524
43,female,186166,3754,6890,3480,10556,4306
62,male,200202,1034,6355,7048,11447,11411
41,male,141877,4032,4689,5653,5909,3929
34,female,137831,4167,6426,8149,9722,7269
68,male,200906,4393,6179,4085,8617,8264
40,female,221458,4838,4820,4970,1728,925
37,male,195383,2197,3817,6541,1071,459
52,male,151470,1973,4171,2237,5890,11132
49,female,199369,2475,2128,7498,1291,1193
45,male,189739,1222,5819,4912,13928,961
46,female,145614,1499,3800,2511,8120,7750
25,male,164388,1011,3610,2198,6907,2191
22,male,245080,3891,3022,4490,14172,4659
19,male,156608,2538,5184,4707,6270,3482
35,female,129371,3713,4741,4369,13663,4837
41,female,212739,3832,6092,4290,14110,3648
40,female,134533,2495,2257,3060,1011,7328
45,male,102209,2621,3362,3254,7983,3694
24,male,116717,4558,3899,3382,9307,621
28,male,152448,1286,6519,6546,10470,4494
52,male,245728,3032,3910,3099,6092,6390
68,male,167281,3319,2838,6462,12008,7501
52,female,227094,2202,5239,5758,14234,2022
65,female,141780,4511,2185,5548,10863,11249
70,female,205944,3514,6324,4300,13994,2552
56,female,197013,1992,2316,7432,3756,1053
51,male,137227,2720,3056,4563,11142,4094
64,male,131847,3573,5696,4883,6142,2472
31,female,236092,1714,2168,6144,12704,11245
21,male,155759,4205,5793,3299,8605,2980
40,male,150297,4319,4240,7606,14731,11479
28,female,112226,3709,4546,3791,2394,1022
62,male,248167,3696,6954,5719,4208,9667
33,male,180556,1944,4885,6381,2249,11706
40,male,180130,4328,3181,2694,6571,2147
26,male,172119,2082,6767,6646,13603,618
43,male,243555,4663,3893,7793,6513,11873
34,male,127575,2304,2483,8332,10568,6469
26,female,247324,1369,5379,2814,14846,9494
40,male,183928,3115,3082,4109,11871,4955
27,female,216174,1304,2378,5078,14789,1037
53,female,145259,2665,4273,2484,11186,10426
18,male,106543,1798,4618,2656,9181,2475
27,male,124147,2618,2656,4415,1393,2970
60,male,125420,2107,6991,6500,11754,11875
46,female,186720,1532,2047,8007,6753,5202
68,male,159346,1634,1942,6564,5510,1440
39,male,173254,1828,4344,7749,5883,2906
25,male,196774,2007,3828,8087,13252,6792
60,male,165772,3751,6504,3170,6327,11134
51,female,136833,1735,1744,7655,14655,3628
48,female,125418,4540,2127,5347,2283,8643
63,female,213323,2222,3564,6960,7928,1511
31,female,131601,2310,1706,2608,4663,2298
59,female,212623,2896,4848,7012,12176,4582
54,female,235278,1580,5643,6713,4202,8590
44,male,138308,4314,5525,3119,13238,2802
30,male,166243,4258,2621,4375,11936,1920
67,female,146502,2949,1703,4178,12733,8237
19,male,206891,4768,4951,5694,7763,4251
35,male,154058,3548,6314,4604,6151,2585
30,female,199542,2093,5117,6483,2236,2147
32,female,111884,4106,3656,2216,7646,10469
53,female,229457,2968,4576,6690,7244,6522
64,female,207088,2091,6301,4511,10020,3033
49,female,149765,1033,6037,6727,8093,2491
53,male,114972,1327,6795,5237,7409,7086
24,female,229334,3794,6425,6190,6589,11168
44,female,242028,4545,3008,8428,5013,7781
24,male,126148,2047,3865,6766,14575,7293
44,male,228114,2560,5497,4236,3460,4060
41,male,154812,4046,1595,5234,10129,2444
69,male,164340,1693,3625,4663,12483,11647
69,female,169587,2796,2465,3366,3191,8157
56,female,224134,2819,4346,5163,5609,6283
33,female,217762,3318,2128,3315,14279,594
50,male,191990,1649,6223,5009,4911,2358
50,female,197435,2150,1658,2053,4732,512
67,female,136086,3570,2611,4964,11042,5875
34,female,228220,3552,3000,2665,2526,2855
62,female,146428,3464,5252,2899,14123,3203
52,male,222742,1168,2306,3403,8363,5618
33,female,102280,4200,6107,7896,6688,8412
29,female,145382,1148,3183,7050,6938,8623
41,male,234801,2424,3021,5744,2565,7060
58,male,188728,1990,3476,7115,10376,7116
36,male,186604,4982,6490,3492,3623,7788
43,female,118776,3425,6103,2605,10613,2909
68,female,149038,1432,5891,8300,13589,3609
25,female,223566,4973,2288,5331,13073,9460
36,female,119487,2038,3524,3620,12336,9754
52,female,134107,4091,1912,7002,7944,7541
51,male,200662,3614,2970,6572,12230,8217
40,male,119094,2196,2151,5141,7008,736
22,male,160524,1844,5901,3967,2445,3942
39,female,213835,2310,3245,7669,7370,11469
28,female,110313,4153,5419,3178,14532,2054
68,male,227247,1028,2055,3072,12954,3823
70,male,198851,2007,6458,2850,10370,8656
70,male,150720,1303,4273,2453,3508,5967
39,female,145206,4947,6060,5100,2026,10587
67,female,181162,1577,3099,2208,2860,10840
47,female,198829,4259,5899,3354,2304,7997
39,male,142967,1222,2674,3319,13686,5198
33,female,160939,1309,2458,8042,5112,7220
55,male,185294,4202,5901,5177,7094,9162
19,female,213196,4575,5733,4519,11588,7326
30,male,177816,4835,2487,7573,6072,7748
37,male,108213,2354,5016,4513,10239,2261
61,male,127216,4300,6199,3820,11578,11682
20,female,177588,1135,4255,3382,13291,5704
21,female,249394,3358,5869,6431,12396,3118
42,male,106873,2332,5195,3447,4975,8210
66,female,204685,2857,4992,6843,13390,6041
54,female,166849,2324,1696,4099,7337,2425
37,male,154767,4494,2922,2424,1969,8495
69,male,115822,4558,4174,3483,12955,7750
47,male,157086,4632,6049,6857,13472,10166
40,female,137345,4499,3274,2345,13744,5277
35,female,131056,1914,6963,8166,14189,8418
37,female,196797,4014,6456,3272,13251,4296
44,female,134424,1423,6010,3786,9808,1323
45,male,164860,3614,6143,8058,12037,9512
55,male,196273,2021,3927,3998,10122,3927
49,female,133283,2944,3949,7789,13267,7996
57,female,124141,4233,1708,4047,1440,5369
58,female,206006,3138,1987,6137,8614,9702
49,female,200797,3527,5226,6481,9313,6320
53,male,175324,3340,5366,4457,5170,10948
59,male,172019,3628,2308,8066,9023,980
35,female,123213,3375,3045,7618,8190,9318
20,female,228816,4052,3368,6566,7627,8896
33,male,220507,1337,6062,7209,3893,6512
34,male,131052,4792,3837,4743,10381,6726
53,male,168325,4308,6257,5848,5958,4128
35,male,110061,3715,6062,6252,11135,5766
30,female,215861,4262,2350,5237,2007,6651
53,male,211696,1791,1699,8092,3191,4288
52,female,175574,1057,4044,6569,7162,9993
43,male,137048,2669,5261,6982,14463,10438
30,female,122982,4652,1950,7912,1878,11015
51,male,183593,4968,6297,2079,762,8715
20,male,196585,4349,1837,3111,7717,7194
30,male,135284,3925,3108,4209,3822,3696
44,male,243801,1562,3177,7699,13132,2874
52,male,245226,3656,6707,2203,3087,368
24,male,238352,3154,4156,3626,13553,5845
56,male,191856,3217,2492,6949,6676,8093
19,male,149253,3640,3204,2164,9974,9754
48,female,156280,1263,5256,3298,9809,8341
40,male,150819,2936,4535,5403,3051,5476
45,male,162169,1523,4643,5488,11030,9664
57,male,184303,1713,4517,5193,4617,10672
20,male,174242,3500,1611,4303,12279,7625
65,female,196303,1487,1675,5635,6113,1624
30,male,179536,4045,6144,4891,5222,9370
61,male,247359,2775,1866,7846,3685,4471
48,female,171387,4148,4979,5076,4553,1870
26,male,139509,1325,6863,5281,11287,6678
59,female,225601,2735,6368,2494,8737,512
40,female,164986,4324,3909,3365,11224,4748
69,male,129683,3795,1990,6677,6665,7463
49,female,154968,3002,6441,7265,12039,8448
59,male,249406,1472,3522,8300,14191,1922
52,female,244828,3612,5102,6157,10384,7752
22,male,244642,4276,3450,7196,7243,10860
56,female,178447,2288,5801,5662,2526,6761
20,male,220056,2155,5948,3499,4828,8289
58,female,197442,2961,2555,8289,10167,10234
28,male,132527,2658,3594,6242,12232,7523
38,female,124384,4004,5549,5327,9076,978
64,male,220775,1592,1888,4746,9423,11400
21,female,123068,3475,6796,3434,1535,1890
50,male,112666,2650,4090,3224,14092,9535
24,female,192791,2263,6152,5992,4305,585
21,female,139619,1262,5584,8335,10149,6459
38,male,192334,4690,1559,3512,5114,1820
19,male,124840,4105,6417,6770,2375,2684
27,male,171778,1569,3420,8227,10566,7172
53,female,201906,4292,6524,5203,1679,3030
56,male,238389,4519,3383,2619,10246,10805
42,female,152091,1133,4659,8423,6049,1626
69,female,216583,3254,1947,7188,7757,6528
69,male,185713,4618,6203,3770,9627,3710
46,male,241649,4624,6434,7478,4807,11383
24,female,129672,1454,3068,5563,3846,7120
54,female,201711,4834,6039,6899,4308,11927
25,female,215433,1495,6931,2268,13816,4657
62,female,219067,1666,5358,7318,8918,10197
48,male,225668,2640,4414,2395,14792,7059
22,male,201369,4760,4948,4293,8948,10180
32,female,243103,2166,5021,4584,6876,11137
65,male,236844,1651,2710,2390,11341,6420
29,female,163997,2553,6179,4106,2856,8097
20,female,122730,4462,6010,6209,12056,8391
64,male,235927,2089,4459,2280,14272,4050
38,male,173819,1909,4280,2942,12690,860
39,male,115147,3242,6181,5309,12215,8016
41,female,202166,4724,3972,5519,12837,11837
59,male,209817,3527,2692,5781,1676,2359
21,female,141521,1866,1758,2278,6757,10034
39,male,187001,2423,5876,5555,10996,934
19,female,135492,2272,3693,6597,8472,1294
48,female,148983,1264,2265,8160,6498,8586
63,female,178826,1217,4690,3193,5074,4122
67,female,102107,1744,5554,2433,6178,6982
51,male,217193,4073,2259,4423,14946,2556
60,male,195826,4557,2533,8170,11378,2679
54,male,127465,1208,3858,3993,9494,11035
23,female,213043,2296,3045,2999,5346,9743
26,female,187583,1474,6737,5182,9197,4427
28,female,239389,3478,6270,4887,4193,8769
43,female,113684,2429,6079,7219,4163,9202
41,male,118718,3448,6653,5577,6924,6519
21,female,185872,4785,4670,6079,1914,2925
68,male,240176,1251,6307,6381,14373,11209
66,male,204138,2033,2128,5503,14023,9863
44,female,123059,1704,1575,6554,3684,6254
60,female,150160,4620,3326,6777,1631,7633
22,female,202503,1990,4169,8369,2022,7009
22,male,236176,1034,2180,5890,1198,7945
25,female,137561,4539,4547,2303,13765,757
35,male,203865,1658,2220,3054,13182,6119
41,male,176999,4325,3681,2635,12769,10268
45,female,223704,4878,6333,3763,4138,6873
49,female,180818,4061,6800,2849,10739,2599
32,male,239610,3232,6253,2202,11276,8254
63,female,133211,1045,2539,6972,11766,8266
46,male,202041,1801,2452,6324,14340,2977
56,male,103711,4147,6544,6026,11639,10846
60,female,149837,1444,6799,5800,13615,3753
64,male,201996,3027,2002,7225,11021,3688
45,female,167050,3995,5379,2366,11230,3242
60,female,169646,4119,6456,8187,11101,4341
34,male,169786,1366,2146,3665,2459,11058
35,female,242521,4347,4748,4773,12894,8450
29,male,224917,2096,3737,6016,14600,7265
37,male,192226,2190,2405,4411,5292,9468
61,male,132838,2303,5734,5570,7362,2133
66,male,157862,2940,3103,4546,6964,11408
50,male,239543,1554,6466,7898,4345,10481
59,male,237342,3029,1763,6000,12281,1757
55,male,155311,1852,4589,2109,8725,9513
66,female,158769,1952,2118,8418,14344,8245
19,female,182719,4620,4193,6086,5107,2714
46,male,147036,1266,2022,2893,2632,11349
69,female,107656,1907,3983,5813,12669,5733
24,female,174180,3528,2853,2631,12112,8584
59,female,197699,2059,6716,7556,14660,10294
67,male,148636,3755,1559,7913,10721,1436
25,male,110158,1976,1746,3215,11309,373
54,male,171697,3338,2456,3522,9090,10312
51,female,171316,4357,5796,7938,10606,8387
46,female,154441,2476,5400,6209,6581,2311
49,male,198532,3235,1675,5083,12044,8826
53,male,236353,3522,3876,6255,1460,1427
22,male,114707,4179,3762,4056,8321,10906
32,male,213617,3413,6686,3701,1629,8040
46,female,181205,4434,4594,7502,6700,5211
63,female,245396,2038,4479,2124,4094,10117
20,male,160122,3801,3681,7404,7278,10892
19,female,163318,2586,3782,5199,762,755
50,male,245974,3186,2690,5289,3336,1059
42,female,141128,1894,2309,3916,3076,2502
59,female,222018,4975,2130,4877,13664,3987
51,female,229754,1424,4431,8198,14418,8295
64,female,141006,3880,6060,3976,4266,10236
28,female,170562,3617,2926,2808,3223,11597
32,female,218047,3729,3864,7768,8743,10000
45,female,218509,1392,2464,5816,2291,3436
66,male,134925,3449,6037,3046,14107,3977
42,male,169303,4101,4837,4191,4308,2310
30,female,201995,3443,2030,2737,10792,2282
22,male,136645,4425,2935,2485,7737,1498
45,male,218017,3358,5616,4281,6008,2893
42,male,139385,2719,6066,5218,12503,10589
35,female,115093,3894,6668,3517,8431,11797
48,female,184740,4182,5019,7693,13722,9950
50,male,233104,2236,3513,2504,5267,2853
37,male,219924,4054,3638,7690,9045,2068
59,male,152118,2020,2494,3787,7447,8174
65,male,122173,2900,3381,6669,840,4443
20,female,111938,4086,4173,2926,10933,5128
49,female,153141,2325,6337,7062,1103,7877
36,male,153198,2930,2707,3070,11782,6562
38,male,155650,1315,5602,8057,10558,1066
22,male,124915,1579,4867,2995,7482,1842
23,female,112857,2726,5014,8256,14958,11916
39,male,213062,2443,2172,5181,11466,2528
25,female,185137,1135,5772,4595,5491,7783
29,female,105315,2847,5397,6256,5872,4529
59,male,206748,1043,2332,7352,4188,7885
61,female,125899,3743,4039,4640,6532,8374
49,female,175153,3039,6627,4244,9689,3847
63,male,173789,4231,5339,2489,3847,10800
51,female,192503,2573,4788,2313,6419,9177
26,male,235480,2101,4047,5380,8448,7537
37,male,179643,2219,6001,7085,11833,7243
57,male,241065,3675,6664,3581,1640,2344
61,female,144809,4555,1760,6374,14401,11968
50,female,149642,4113,6718,2781,8205,2021
23,female,239083,2510,5948,8340,1130,10271
37,female,138710,1823,5294,5055,11326,8455
66,male,203199,3332,2225,8106,4865,10499
44,female,121963,2277,6525,4087,13853,10969
20,female,191553,4561,6283,6821,2351,11958
46,female,194837,4405,4332,4832,9657,6526
25,female,167872,1316,6243,7382,6512,5473
51,male,140670,1776,6341,3383,13970,3953
52,female,148569,3360,5982,8028,4446,4362
49,female,171756,1233,3519,5029,6773,9975
55,female,128925,3854,5967,2755,11135,10604
47,male,224894,4035,4050,7596,3185,7805
34,male,129809,4525,6349,3335,2147,8919
18,male,169021,3188,6571,3437,766,10153
69,male,186564,3110,3568,7198,11810,11899
41,female,126708,1903,3773,7896,4079,11540
35,male,147521,2967,3780,5082,12121,11617
59,female,219013,3576,1974,4871,8450,9288
21,male,246046,2159,4153,7083,1807,8811
55,female,119680,2182,6031,6620,8134,6510
21,male,166927,3942,6702,5815,11632,355
58,female,244986,4579,6479,6646,12683,3432
56,male,108242,2851,2505,5008,11788,4740
27,male,244843,2477,3534,2621,7646,3195
42,female,149630,3310,5496,7509,1468,2538
35,female,156502,2912,3720,5769,9273,6922
50,female,163012,4094,4906,3908,11997,5226
52,female,247303,2339,5716,4936,14350,1816
28,female,228562,4888,3695,3741,2882,10619
41,female,152800,4040,2855,4996,13602,3312
38,male,188974,4808,5164,7280,13419,638
26,male,234710,2656,5240,8160,7614,3919
44,female,123264,2567,6889,3559,14441,7300
29,female,176396,1176,5430,2712,4751,4054
37,male,161330,2896,3724,3140,3131,3569
70,female,165094,1126,2844,5501,11672,8290
65,male,116158,1531,3073,3074,4922,4801
25,female,238938,3761,4900,7212,7254,7663
50,male,238162,1483,5394,3081,9050,3670
31,male,130204,1956,4131,6210,1422,11055
41,female,214909,4772,3078,4207,6536,1180
34,female,212310,2960,2598,2869,2054,11976
24,female,127210,1964,6915,4394,2319,2890
44,female,174090,2847,2916,7792,5975,2578
69,male,108512,2896,5906,5886,13688,6336
49,female,194391,3011,5160,7422,5475,2647
39,female,129218,2365,3041,3678,11903,8797
22,female,140408,1769,6550,4500,12966,9159
29,female,206868,2543,3944,2749,8296,11080
54,female,233931,3789,1808,7707,12378,8876
55,female,100946,4455,4949,6781,7268,5313
63,female,220552,4167,1870,8000,4316,6503
27,male,185194,2739,2133,5337,11321,10820
49,female,142568,2654,5448,7222,2980,10487
33,male,167730,3196,4773,8459,11839,11950
52,female,142037,2486,5973,2120,2838,10412
57,male,139387,2854,2890,2381,3620,5114
58,male,118157,2876,2365,6362,13642,2179
39,female,235716,2540,5381,5445,14396,6845
29,male,137703,3022,4517,6048,8798,853
58,male,214983,2347,5551,2541,3502,2458
65,male,132968,3436,3756,4248,14347,4322
26,female,236657,1423,5821,6081,13456,6998
60,female,148821,2109,4741,5144,1072,2051
20,female,153475,4876,2303,3848,13227,4760
24,male,137215,2169,2946,4438,10417,4865
62,female,239231,3657,2727,6910,4977,11027
40,male,167939,1223,4920,4307,6165,5881
58,female,122010,2103,6200,2446,7130,10029
28,male,235297,3256,6398,2622,1771,9969
23,male,127554,1671,1580,7709,8839,9188
33,male,247193,3995,5925,4240,2214,9264
40,female,128923,2100,3384,5276,7584,1920
62,male,146228,4966,5031,2077,6932,9235
56,female,218634,2475,3926,7759,7995,7774
45,male,167148,4836,2738,4328,3039,11101
22,female,163120,2098,6721,7598,9964,2430
68,male,244602,2643,3924,2980,12673,9199
36,female,110768,2789,5288,3783,7438,7458
38,female,112611,2080,5716,7487,8522,2892
33,male,233041,3676,5322,5092,4875,5906
33,female,169950,4478,2798,3949,6229,3939
39,male,242223,4154,3455,3063,3148,9153
27,female,235105,3616,1665,8417,1807,487
54,male,104193,2727,4287,3062,10621,3145
51,male,149693,3496,6390,5298,6053,11860
59,male,245559,1662,6649,3517,8960,4747
65,female,159333,2708,5675,6714,10667,11226
49,female,167480,1873,3849,8422,7771,684
30,female,148410,4492,2019,6339,3330,10231
54,female,189843,1927,3418,8161,11137,6299
59,female,179365,1899,6195,4751,14854,3179
18,female,152044,1355,3250,6887,10287,10398
53,male,111090,4305,2872,4390,13693,4987
25,male,198931,2410,4198,6222,9939,2294
46,female,185922,4122,2233,7146,4268,8470
43,male,109062,1375,3397,6045,7486,5092
61,male,182326,4024,5522,3036,2715,7899
26,male,129825,1134,3547,4505,9829,11963
53,male,147382,4289,6717,8105,12012,10757
54,female,181867,2964,4565,2220,980,7973
24,male,219678,3630,4501,3860,11447,7096
31,female,218374,4967,5381,2281,7692,11701
32,male,111348,3319,3705,7154,10231,3137
52,female,123843,4053,6862,2698,1752,7019
52,male,121779,2248,4635,3018,7286,7096
63,female,131195,4936,4350,3846,8258,9105
35,female,234879,2481,4526,6972,2165,11696
52,male,174152,3411,4096,6872,7188,3956
50,male,158808,1415,3269,6210,7771,9235
59,female,210380,1329,6094,3136,14908,4349
52,female,188794,3800,2105,7338,5584,9848
47,male,119687,2561,6576,4898,2682,7043
65,male,228171,3284,6438,5896,11038,5885
31,male,181457,2539,1625,6283,7382,1817
34,male,145466,3393,2810,4174,2012,11017
29,male,112051,2891,4797,6115,3693,11134
52,female,111140,3101,5819,3585,5229,3460
23,female,144435,2518,6594,7125,7803,3861
22,female,139165,1745,4326,5102,3645,11348
57,female,114532,1891,5949,6343,12061,11359
70,male,180902,4354,4442,2431,11271,8253
59,male,124812,4740,6655,7111,4816,1968
18,female,190822,2550,5757,4679,7703,9521
18,male,151045,3807,3524,7811,2710,5299
38,male,190598,2930,4243,7428,10531,880
35,female,244108,3437,5059,3691,10677,2265
35,male,133642,4815,6192,8242,7442,9712
64,female,124051,3725,6741,5267,12529,10857
30,female,127121,3058,6583,3414,14997,1670
66,female,198097,1281,2316,5536,1682,6578
65,male,180948,4350,1823,5622,6161,4469
28,male,122357,3840,2228,3767,7511,11259
66,male,114035,1782,3094,7841,14592,8117
51,male,216323,4050,3975,4690,7109,5928
46,male,102776,4969,2224,8358,909,2539
67,male,244010,4816,5573,3315,4355,6933
66,female,185317,2323,6280,4361,5771,4648
56,male,191607,3205,2882,5306,1611,1655
24,male,103776,3037,4102,6574,9818,10993
20,female,208680,3954,3235,5932,8466,6243
27,female,166670,3566,2293,7111,2001,9281
68,female,133936,4126,6276,6858,12733,8310
33,male,228563,1398,4303,6289,7960,1422
55,male,174195,2158,4583,3065,13959,8855
36,female,172846,4215,6590,2594,13231,2382
58,female,177377,3343,1552,5481,4115,595
66,female,106140,1343,3855,4601,10523,8820
33,male,155653,962,3781,6698,5254,10626
